file_name,file_root,start_time,probability,status,p3_flux_ic__global_std,p3_flux_ic__std__pool_max,p3_flux_ic__std__pool_mean,p3_flux_ic__peak_ratio,p3_flux_ic__std__pool_min,p3_flux_ic__slope__pool_max,p3_flux_ic__iqr,p3_flux_ic__coeff_var,p3_flux_ic__skew,p3_flux_ic__global_slope,p3_flux_ic__slope__pool_mean,p3_flux_ic__accel,p3_flux_ic__slope__pool_min
1978-09-23T00-40-00.csv,/Users/ran/cs/6850/project/data/2026-05-08/slice/GOES-g03,1978-09-23 00:40:00,0.948,EVENT_DETECTED,1.221977837474406,0.6560713064496003,0.628441851357347,4458691508.622516,0.5992153607146646,0.026786338804602006,0.0811601556014041,2.8378850567672727,2.9339604736718923,-0.00408649830336683,-0.004826597705902814,2.6672319044149005e-05,-0.03698707906870231
1979-04-29T10-50-00.csv,/Users/ran/cs/6850/project/data/2026-05-08/slice/GOES-g03,1979-04-29 10:50:00,0.98,EVENT_DETECTED,3.010382174886922,2.8563172790372042,2.7159161053202316,9317626866.614166,2.567914040442518,0.13775355834013417,5.108156550615141,1.5939065206219392,1.269928422366246,0.012812498110862325,0.007600228894328926,7.433211996265023e-05,-0.11570432572740509
1979-06-06T07-25-00.csv,/Users/ran/cs/6850/project/data/2026-05-08/slice/GOES-g03,1979-06-06 07:25:00,0.856,EVENT_DETECTED,0.9529208796296699,0.4290549235527964,0.4092341841028832,3889952782.575382,0.38987019265265693,0.018488743314056953,0.02384349723716328,3.2591906108216513,3.3817669003695174,-0.0019668065665708404,-0.0013265515544336414,1.0456359430115201e-06,-0.021229796651216548
1979-11-15T19-25-00.csv,/Users/ran/cs/6850/project/data/2026-05-08/slice/GOES-g03,1979-11-15 19:25:00,0.236,LOW_CONFIDENCE,0.5682378309295533,0.2660918761353916,0.24464230335962417,2967599678.073978,0.22204049551227398,0.012345872447120312,0.11453199883756915,3.145343182752734,4.488902831968154,-0.0021451425202634747,-0.0010492104635697111,-9.802891646019423e-07,-0.014508919092664621
1978-08-01T00-00-00.csv,/Users/ran/cs/6850/project/data/2026-05-08/slice/GOES-g03/non_event,1978-08-01 00:00:00,0.944,EVENT_DETECTED,1.9919843918980134,1.822243527331607,1.7037727360249237,5552972237.463008,1.5903480306854987,0.08356714162735655,0.0,2.194728885304496,1.740251612459305,0.0040496795114238916,0.0018120585961044966,0.0004179844405510843,-0.07958573682070152
1978-09-01T00-00-00.csv,/Users/ran/cs/6850/project/data/2026-05-08/slice/GOES-g03/non_event,1978-09-01 00:00:00,0.93,EVENT_DETECTED,2.1064446798450533,2.0146501240228805,1.9261639658630036,5552972237.463008,1.8348861571017376,0.09371042049027975,2.6085839893855782,1.6837938743138023,1.2500153798381548,0.0005807234483624566,0.00931283828972283,-0.00023251821381233863,-0.07723044674628048
1978-10-01T00-00-00.csv,/Users/ran/cs/6850/project/data/2026-05-08/slice/GOES-g03/non_event,1978-10-01 00:00:00,0.98,EVENT_DETECTED,2.028909196385344,1.8829387973945682,1.7569715293042119,5853996154.785196,1.632795643417342,0.07052533196649637,2.64334609564479,1.71895436771892,1.328588009582425,-0.0031434839733195277,-0.01234403413469209,-0.00014940795207311512,-0.09423550799268779
1978-11-01T00-00-00.csv,/Users/ran/cs/6850/project/data/2026-05-08/slice/GOES-g03/non_event,1978-11-01 00:00:00,0.97,EVENT_DETECTED,2.245536656539749,2.1879967898642714,2.0723425979604944,5552972237.463008,1.9507801835863914,0.09147874022412594,2.625965042515184,1.7055287914273844,1.1625364934876854,-0.006516937759962617,-0.008961570694539182,9.42550579668346e-06,-0.10791550265925659
1978-12-01T00-00-00.csv,/Users/ran/cs/6850/project/data/2026-05-08/slice/GOES-g03/non_event,1978-12-01 00:00:00,0.898,EVENT_DETECTED,1.9735993165984838,1.8598130201910652,1.724562380219976,5694298013.413428,1.5904243804072224,0.07162874993971076,0.0,2.064304016671841,1.6780377380646112,0.00223782353323276,-0.0073280202909921655,-0.00026162078770772316,-0.08682822654268815
1979-02-01T00-00-00.csv,/Users/ran/cs/6850/project/data/2026-05-08/slice/GOES-g03/non_event,1979-02-01 00:00:00,0.966,EVENT_DETECTED,2.334629940385087,2.369304043019172,2.293906991061679,5729059444.30028,2.2098702237983687,0.10352946887492845,5.2171679787711565,1.6593019560821665,1.0718160193168709,0.0024837956206093903,0.0015255078381378115,0.00013286826737927163,-0.10051639589521295
1979-03-01T00-00-00.csv,/Users/ran/cs/6850/project/data/2026-05-08/slice/GOES-g03/non_event,1979-03-01 00:00:00,0.962,EVENT_DETECTED,2.0888261909531476,2.0738764147069775,1.9436571097547009,5694298013.413428,1.8156537086557742,0.09429636431638251,2.6085839893855782,1.7391548198062872,1.3147124808789716,0.0031165807085086123,0.003163770187257515,0.00019202764304553126,-0.08813491288694839
1979-05-01T00-00-00.csv,/Users/ran/cs/6850/project/data/2026-05-08/slice/GOES-g03/non_event,1979-05-01 00:00:00,0.898,EVENT_DETECTED,2.297113711724211,2.3729212865064575,2.2900180932127845,5729059444.30028,2.207856088281099,0.10818482361471189,3.4734765709957687,1.5628302466657449,1.0003765830111084,0.004558670124367835,0.00706148568260348,-0.00046481392460000166,-0.09459893388676364
1979-08-01T00-00-00.csv,/Users/ran/cs/6850/project/data/2026-05-08/slice/GOES-g03/non_event,1979-08-01 00:00:00,0.842,EVENT_DETECTED,2.2211382137583966,2.2951398943873804,2.2064712557290767,5552972237.463008,2.096901511433451,0.09102201873405108,0.0,1.8337269971249919,1.2894552902093945,-0.000742469486299368,-0.008386730879083558,-0.0003753662794764293,-0.10775949476900877
1979-09-01T00-00-00.csv,/Users/ran/cs/6850/project/data/2026-05-08/slice/GOES-g03/non_event,1979-09-01 00:00:00,0.854,EVENT_DETECTED,2.1288037182229047,2.0880816904587487,1.959833933601879,5694280453.390706,1.8220923330353354,0.10554719487916449,0.034762106259211945,1.8583070074822385,1.373031854733471,-0.0036598973648516715,0.006204517918220661,-0.00038185978918345656,-0.09135712590336448
1979-10-01T00-00-00.csv,/Users/ran/cs/6850/project/data/2026-05-08/slice/GOES-g03/non_event,1979-10-01 00:00:00,0.902,EVENT_DETECTED,2.1065464194239616,2.0120480129104528,1.8281109279498997,5729059444.30028,1.6384548404382733,0.09459127654299801,1.0776194111479573,1.7558324032488952,1.3610928361326584,-0.0019995018595975484,-0.0059042403848868765,-0.0003933258694540844,-0.10877834225336339
1979-11-01T00-00-00.csv,/Users/ran/cs/6850/project/data/2026-05-08/slice/GOES-g03/non_event,1979-11-01 00:00:00,0.94,EVENT_DETECTED,1.9331264509240735,1.879801121582142,1.7199123155575298,5552972237.463008,1.5399542542786628,0.08731738909666688,0.0,2.258112989797533,1.8320245885941753,0.006401702235859431,0.009083443870349928,-2.8358020480295887e-05,-0.0687697882171111
1979-12-01T00-00-00.csv,/Users/ran/cs/6850/project/data/2026-05-08/slice/GOES-g03/non_event,1979-12-01 00:00:00,0.914,EVENT_DETECTED,1.4467769848088412,1.3678569567857413,1.2485300391844234,4782243617.162996,1.1281472499897487,0.057362770660414744,0.0,2.968585515668354,2.631724753332871,-8.897804409286223e-05,0.00042576955281010926,-0.00029504939749012537,-0.056085462001984436
1984-04-01T00-00-00.csv,/Users/ran/cs/6850/project/data/2026-05-08/slice/GOES-g05/non_event,1984-04-01 00:00:00,0.532,EVENT_DETECTED,0.5910977795233282,0.4017592569880722,0.3644554109722334,2342560031.383053,0.32539561970935577,0.02147831725709908,0.28799939132514146,2.2239985972834324,2.915494858438989,-0.003149247276724057,4.422497837237205e-05,-0.00015156955207736855,-0.021414817979167614
1984-11-01T00-00-00.csv,/Users/ran/cs/6850/project/data/2026-05-08/slice/GOES-g05/non_event,1984-11-01 00:00:00,0.922,EVENT_DETECTED,0.7230642768141322,0.42654224528264756,0.39215030488664104,2939323638.092969,0.357677113844532,0.017758372839609425,0.22212364359996867,2.3423739488627655,2.922975936989581,-0.001103973376970858,-0.003425064938898562,-1.9232533120238424e-05,-0.025255579251996885
1985-02-01T00-00-00.csv,/Users/ran/cs/6850/project/data/2026-05-08/slice/GOES-g05/non_event,1985-02-01 00:00:00,0.14,LOW_CONFIDENCE,0.2742627459335787,0.19305826760570907,0.18146919467282968,1677383057.0016534,0.16926187125664893,0.0048442522594548286,0.21298090913443457,1.8028174841133366,3.4984739892070227,-0.001101604584770666,-0.004087007467190978,0.00014075219030002854,-0.012995859740135755
1985-05-01T00-00-00.csv,/Users/ran/cs/6850/project/data/2026-05-08/slice/GOES-g05/non_event,1985-05-01 00:00:00,0.148,LOW_CONFIDENCE,0.2233174200587266,0.1488837450477411,0.14026140756941582,1235898534.3155527,0.1313197907285209,0.003031740513098973,0.17608088792672855,1.8619559562056625,3.3621303990752134,-0.0008318698959824018,-0.0032008808651216108,0.00011007384970385577,-0.009565591872841077
1985-06-01T00-00-00.csv,/Users/ran/cs/6850/project/data/2026-05-08/slice/GOES-g05/non_event,1985-06-01 00:00:00,0.182,LOW_CONFIDENCE,0.35726348962954063,0.1889237582787481,0.17691786328766357,2127757510.1952863,0.16469317807229786,0.0019827028254450632,0.17609125905568135,2.289341792730117,4.427139574215703,-0.0020617219219081764,-0.006142269626793377,0.00022266702273038427,-0.014358426700323348
1986-05-01T00-00-00.csv,/Users/ran/cs/6850/project/data/2026-05-08/slice/GOES-g05/non_event,1986-05-01 00:00:00,0.154,LOW_CONFIDENCE,0.27048211211093665,0.17705464425092174,0.16395457821215761,1698946894.7467206,0.15080447097552183,0.004427413452709799,0.17609817330676436,2.0339709824610197,3.9073564370427323,-0.001279742027284525,-0.003355560718782435,0.00015538024387525784,-0.011196537467689829
1986-06-01T00-00-00.csv,/Users/ran/cs/6850/project/data/2026-05-08/slice/GOES-g05/non_event,1986-06-01 00:00:00,0.164,LOW_CONFIDENCE,0.3534718556690573,0.22607682206689309,0.2135547955345711,2000737743.8065825,0.20093037855467175,0.004325080353921405,0.30102999566398125,1.8606702389130156,3.6035322247542614,-0.0020196316661122075,-0.006697227597858028,0.0002212813095048796,-0.017494569073309374
1986-12-01T00-00-00.csv,/Users/ran/cs/6850/project/data/2026-05-08/slice/GOES-g05/non_event,1986-12-01 00:00:00,0.232,LOW_CONFIDENCE,0.5335433631406823,0.24801671403405245,0.2317487991984085,2658023011.4541335,0.2148745290054487,0.0027539030006889496,0.178223016146198,2.509771089598434,3.963441239004346,-0.0042777331815304145,-0.008568395264870812,0.00024595468282219646,-0.020284191416438047
1987-02-01T00-00-00.csv,/Users/ran/cs/6850/project/data/2026-05-08/slice/GOES-g05/non_event,1987-02-01 00:00:00,0.886,EVENT_DETECTED,2.3109402669931476,2.1233553464366945,1.9865866612034573,6980998291.73814,1.8549607654164293,0.08743003812553928,3.0294261297141833,1.4435684628316332,0.9739688619638799,-0.009980859262753428,-0.021110565717361474,-0.003216334908703922,-0.12787513012069554
1991-01-31T12-00-00.csv,/Users/ran/cs/6850/project/data/2026-05-08/slice/GOES-g06,1991-02-01 00:00:00,0.286,LOW_CONFIDENCE,0.0006744885674319712,0.0002473793792237032,0.00020614948268641933,4475261.355033075,0.0001649195861491355,-8.345475720341389e-06,0.0,6.480678429603792,6.3264373484457685,-1.0813074853598486e-05,-1.7907999983232575e-05,2.4836814884355446e-06,-2.816598055615222e-05
1985-10-01T00-00-00.csv,/Users/ran/cs/6850/project/data/2026-05-08/slice/GOES-g06/non_event,1985-10-01 00:00:00,0.196,LOW_CONFIDENCE,0.3568036150827898,0.17480253107365984,0.16276367201630784,2069012125.218554,0.1504576087908018,0.0007322800103730812,0.1761016302671914,2.3137522772060177,4.473976566824696,-0.0024178676100624534,-0.00653371099757877,0.0003107253382923461,-0.013733718426226756
1987-06-01T00-00-00.csv,/Users/ran/cs/6850/project/data/2026-05-08/slice/GOES-g06/non_event,1987-06-01 00:00:00,0.156,LOW_CONFIDENCE,0.24193196497449745,0.1507504545377185,0.1416070506424935,1511577525.5394948,0.13188651926342368,0.0035113984403676774,0.19347101581867654,1.9442559877549466,3.8843121365269133,-0.0009733765262388544,-0.0033053156644751117,0.00016135361839292884,-0.010199525744519676
1987-07-01T00-00-00.csv,/Users/ran/cs/6850/project/data/2026-05-08/slice/GOES-g06/non_event,1987-07-01 00:00:00,0.136,LOW_CONFIDENCE,0.23217954694458692,0.13919726428736096,0.12950988649710088,1474733483.9463472,0.11965577241992592,0.00319236330694669,0.17609125905568135,2.030754114338713,4.057795741516306,-0.0010568105607131058,-0.0029665256688427605,0.00012017001459099587,-0.009263237398324298
1988-12-01T00-00-00.csv,/Users/ran/cs/6850/project/data/2026-05-08/slice/GOES-g06/non_event,1988-12-01 00:00:00,0.166,LOW_CONFIDENCE,0.3815696360527969,0.202554093009511,0.1889564332262382,2075337680.686202,0.17496716043364263,0.0022661257899921528,0.19347101581867654,2.3050286852722914,4.061222131171649,-0.0021435293029723346,-0.0073810228578703296,0.00026019386952542,-0.017179107439920266
1989-07-01T00-00-00.csv,/Users/ran/cs/6850/project/data/2026-05-08/slice/GOES-g06/non_event,1989-07-01 00:00:00,0.154,LOW_CONFIDENCE,0.09750703980981319,0.09204862384322111,0.08693204239014922,319540304.6029433,0.08172868952423502,-0.0012024018623715616,0.1194249106622638,1.250385160786403,1.166557786280306,-0.00371418677633513,-0.004578304161280955,7.16157788476407e-05,-0.008088736013221551
1990-01-01T00-00-00.csv,/Users/ran/cs/6850/project/data/2026-05-08/slice/GOES-g06/non_event,1990-01-01 00:00:00,0.116,LOW_CONFIDENCE,0.37838541654784724,0.2744121636244145,0.25524722108427184,1760307614.970059,0.23527346572374017,0.014871527001595528,0.03477074881507525,2.4879254688161074,3.4409456841253045,0.0018453559816999198,0.002448855688805479,9.475695191913277e-06,-0.009829563049392762
1990-02-01T00-00-00.csv,/Users/ran/cs/6850/project/data/2026-05-08/slice/GOES-g06/non_event,1990-02-01 00:00:00,0.564,EVENT_DETECTED,0.546984713590544,0.3563260015662975,0.3249178362352677,2551753219.3547354,0.2929987790407095,0.016403333196960943,0.26627048213799065,2.531210569683219,3.595259884840458,-0.0012407769055810115,0.00013547369884645317,-1.7044540336122594e-05,-0.015932667190992185
1990-10-01T00-00-00.csv,/Users/ran/cs/6850/project/data/2026-05-08/slice/GOES-g06/non_event,1990-10-01 00:00:00,0.152,LOW_CONFIDENCE,0.41916077001841157,0.3035284550151959,0.28175446720933345,2074839133.137283,0.2600115488083677,0.012357812819304315,0.30102999566398103,2.2469994856708335,3.518133558340158,0.000572922093468916,-0.000554581987821466,-4.877644180320088e-05,-0.0137185434539503
1990-11-01T00-00-00.csv,/Users/ran/cs/6850/project/data/2026-05-08/slice/GOES-g06/non_event,1990-11-01 00:00:00,0.798,EVENT_DETECTED,0.8500833583587603,0.5488858033705832,0.5201263450584597,3129826433.1534433,0.49104610806951815,0.018323635903078308,0.26627048213799065,2.199128202652907,2.339371139234232,-0.006796786719437223,-0.009185627533099393,6.916313977860918e-05,-0.03803606226070815
1991-08-01T00-00-00.csv,/Users/ran/cs/6850/project/data/2026-05-08/slice/GOES-g06/non_event,1991-08-01 00:00:00,0.852,EVENT_DETECTED,0.6187308783129893,0.4127704991054053,0.3729291562766448,2639521191.8823676,0.3328729590937125,0.019154153724871097,0.26627048213799065,2.6627184561277675,3.3049980120302753,0.0009224469214301989,-0.0002872575710260704,-3.722730645864625e-05,-0.019916799499217465
1992-02-01T00-00-00.csv,/Users/ran/cs/6850/project/data/2026-05-08/slice/GOES-g06/non_event,1992-02-01 00:00:00,0.804,EVENT_DETECTED,0.5452264272688715,0.40231427950349274,0.366017740376509,2492411001.8005457,0.3294657779075303,0.019271729749531855,0.30102999566398103,2.3561574308352733,3.411841053674042,0.0011462765332246043,0.00021627145472141642,-5.392111342957922e-05,-0.018844741005721505
1995-08-11T23-25-00.csv,/Users/ran/cs/6850/project/data/2026-05-08/slice/GOES-g07,1995-08-11 23:25:00,0.4,EVENT_DETECTED,0.46834110468803464,0.38272560050080395,0.36146059225207416,1598624507.1550922,0.338728054688439,0.019509384283364788,0.2683619894115367,1.8023171939922542,1.8972618730049315,0.00287633261538171,0.001943562940348163,-4.648204480693405e-05,-0.015464056447648708
1995-08-13T22-40-00.csv,/Users/ran/cs/6850/project/data/2026-05-08/slice/GOES-g07,1995-08-13 22:40:00,0.458,EVENT_DETECTED,0.4669520057443878,0.39386576521355815,0.36837423412794795,1609274391.7849596,0.34334198087276896,0.019527682641424002,0.3120908584475776,1.673853825830096,1.7546574921763949,0.0019752636510322863,0.0012655192767431092,-5.048865881001836e-05,-0.017377219237616797
1988-04-01T00-00-00.csv,/Users/ran/cs/6850/project/data/2026-05-08/slice/GOES-g07/non_event,1988-04-01 00:00:00,0.452,EVENT_DETECTED,0.48214622772721927,0.337848409377866,0.31039690422075183,2233525094.082681,0.28304770677639274,0.015034310397531728,0.2877410009547583,2.249549962450511,3.425939527088182,0.0011065365710632145,-0.00016848006929678761,-5.8140728249715525e-05,-0.015899382369894452
1988-06-01T00-00-00.csv,/Users/ran/cs/6850/project/data/2026-05-08/slice/GOES-g07/non_event,1988-06-01 00:00:00,0.148,LOW_CONFIDENCE,0.3303239183191064,0.21830385700243599,0.20500326659309137,1849342465.0530071,0.19142306825978175,0.0050667217523564755,0.30102999566398103,1.896219034131526,3.5614763679278796,-0.0015278116468679201,-0.004335040617262913,0.00019058025517774542,-0.014099622915364271
1988-10-01T00-00-00.csv,/Users/ran/cs/6850/project/data/2026-05-08/slice/GOES-g07/non_event,1988-10-01 00:00:00,0.158,LOW_CONFIDENCE,0.27924239339424384,0.16355957326770207,0.14978805216329386,1818101603.268476,0.13497187797261104,0.003675412242389608,0.15870775722861996,2.393706898369875,4.591600004936538,-0.0010006906400354541,-0.003952213403787994,0.00014734334895349756,-0.011994645698034856
1988-11-01T00-00-00.csv,/Users/ran/cs/6850/project/data/2026-05-08/slice/GOES-g07/non_event,1988-11-01 00:00:00,0.146,LOW_CONFIDENCE,0.3401960072764785,0.19465106516972053,0.18034308088293516,2010045923.8383389,0.1655165990561525,0.0029180686861595365,0.2632500773304445,2.171304014926738,4.166236737227829,-0.0016319299870243163,-0.005437312874419756,0.0002366773510673829,-0.014001592033684717
1990-01-01T00-00-00.csv,/Users/ran/cs/6850/project/data/2026-05-08/slice/GOES-g07/non_event,1990-01-01 00:00:00,0.942,EVENT_DETECTED,0.9731750906885596,0.7708608992572963,0.7100472064384009,3396168135.8909616,0.6481776922166287,0.026015143211612152,0.30102999566398103,2.0762002802516357,2.0464709195259196,-0.004102489868881748,-0.008231521130763919,0.00015593727040527438,-0.04245122590253837
1990-02-01T00-00-00.csv,/Users/ran/cs/6850/project/data/2026-05-08/slice/GOES-g07/non_event,1990-02-01 00:00:00,0.992,EVENT_DETECTED,1.2301318798173826,0.8793398554243953,0.7944916869053598,4030943869.757819,0.7105818838297395,0.04709851024990346,0.31841537007151866,2.031518810145704,2.05302663735177,0.0045855511613290476,0.003049475201828011,0.0002503535654515361,-0.041861622406514754
1990-03-01T00-00-00.csv,/Users/ran/cs/6850/project/data/2026-05-08/slice/GOES-g07/non_event,1990-03-01 00:00:00,0.978,EVENT_DETECTED,1.2316102618707951,1.01964155190656,0.9370613344261121,3981276262.316572,0.8539641112308132,0.04459138189344674,0.31841537007151866,1.8619533172230442,1.750908735680507,0.0022549549511707303,-0.003482635169821483,0.0001797866110252604,-0.052602081626130524
1990-04-01T00-00-00.csv,/Users/ran/cs/6850/project/data/2026-05-08/slice/GOES-g07/non_event,1990-04-01 00:00:00,0.158,LOW_CONFIDENCE,0.49049389355860884,0.31284434555012486,0.2921960317103877,2090517344.0109084,0.270585919272713,0.011116647651740853,0.2836558565455283,2.408047096050235,3.2331312537701384,-0.0030678763572507843,-0.003196193045248089,5.0847222631096456e-05,-0.0176747856114068
1990-07-01T00-00-00.csv,/Users/ran/cs/6850/project/data/2026-05-08/slice/GOES-g07/non_event,1990-07-01 00:00:00,0.98,EVENT_DETECTED,0.9651799242141931,0.6404630857815512,0.5829271632042764,3499193079.0716705,0.5250760826492221,0.022993406153021617,0.30102999566398103,2.1731066580813008,2.324326468009414,-0.0012536654652917868,-0.007625944963460658,0.0005683331631872021,-0.03841592019052544
1990-09-01T00-00-00.csv,/Users/ran/cs/6850/project/data/2026-05-08/slice/GOES-g07/non_event,1990-09-01 00:00:00,0.964,EVENT_DETECTED,1.465897602074092,1.3278168999338904,1.2509413390880384,4500542993.150718,1.1679839373105563,0.06468385317960561,2.1474285669286446,1.7340846152333491,1.5390480384631757,0.001966973569915041,0.0021522017879615795,-0.00048775567276105865,-0.06267129985683986
1990-10-01T00-00-00.csv,/Users/ran/cs/6850/project/data/2026-05-08/slice/GOES-g07/non_event,1990-10-01 00:00:00,0.846,EVENT_DETECTED,0.8339362464920248,0.6402641562820718,0.5916498125239126,3040326255.614752,0.542738726750987,0.025612987667618565,0.30102999566398103,2.139117460766486,2.2314517795493822,-0.004295003256528095,-0.0024194488892643503,-6.821159807967043e-05,-0.03091503053140578
1990-11-01T00-00-00.csv,/Users/ran/cs/6850/project/data/2026-05-08/slice/GOES-g07/non_event,1990-11-01 00:00:00,0.962,EVENT_DETECTED,1.0933948876090227,0.8117279006103086,0.7325813116424043,3763688631.678363,0.6526481242612876,0.037667834324581005,0.30102999566398103,2.293916806334864,2.33993235539583,0.0020017583826192975,-0.0006324804316506615,-0.0002083829812057739,-0.03882306280424246
1991-01-01T00-00-00.csv,/Users/ran/cs/6850/project/data/2026-05-08/slice/GOES-g07/non_event,1991-01-01 00:00:00,0.832,EVENT_DETECTED,0.833406161200027,0.6286616681298407,0.5824007220056355,3208460736.1686807,0.5350517599620481,0.025042424423668684,0.30102999566398103,2.274577514329686,2.5292538626516023,-0.005674855178203859,-0.004463601005328067,-8.065058219218046e-05,-0.03489031235887747
1991-08-01T00-00-00.csv,/Users/ran/cs/6850/project/data/2026-05-08/slice/GOES-g07/non_event,1991-08-01 00:00:00,0.98,EVENT_DETECTED,0.9996951959878995,0.7926653242326933,0.7238578426216646,3421056093.811488,0.654450138567178,0.03490733165693211,0.30102999566398103,1.9147444080959592,1.81894691022564,0.0020716411819853473,-0.0011843563173661049,0.0001467892876435844,-0.03849886756831143
1991-12-01T00-00-00.csv,/Users/ran/cs/6850/project/data/2026-05-08/slice/GOES-g07/non_event,1991-12-01 00:00:00,0.978,EVENT_DETECTED,0.8785624029537561,0.6893797172224556,0.6211900705135803,3264423547.0960827,0.553075825076744,0.030230893936431594,0.30102999566398103,2.1583361628292157,2.338637286377771,0.0009944839311266612,-0.0025221692241956606,-1.5322786970482206e-05,-0.03554787821262631
1992-04-01T00-00-00.csv,/Users/ran/cs/6850/project/data/2026-05-08/slice/GOES-g07/non_event,1992-04-01 00:00:00,0.164,LOW_CONFIDENCE,0.4712484262685549,0.28547851182191103,0.2626712937011025,2219307243.204479,0.2396841795803561,0.005916584684499259,0.301019624452471,2.247132514888645,3.469781701297,-0.002995336639173052,-0.007738408550010196,0.0003135404774512464,-0.02168616984912314
1992-06-01T00-00-00.csv,/Users/ran/cs/6850/project/data/2026-05-08/slice/GOES-g07/non_event,1992-06-01 00:00:00,0.332,LOW_CONFIDENCE,0.41651161701734024,0.3324137742728628,0.30577751918035045,1856201413.5392041,0.2791039402331019,0.014435675376213184,0.26627048213799065,2.2952298435427196,3.291610742920638,0.000977165130738351,7.362874418954286e-05,-6.641005660343442e-05,-0.014179653765480825
1992-08-01T00-00-00.csv,/Users/ran/cs/6850/project/data/2026-05-08/slice/GOES-g07/non_event,1992-08-01 00:00:00,0.336,LOW_CONFIDENCE,0.6307442578274245,0.2983312796350798,0.2781201991621311,2861522133.4929366,0.25711980732396933,0.009258326882591046,0.17609903746431388,2.7477486540076796,3.665699978257117,-0.0045607489126650545,-0.0043900126610614525,0.0001176721634071654,-0.018585117443818376
1974-09-19T13-10-00.csv,/Users/ran/cs/6850/project/data/2026-05-08/slice/GOES-s01,1974-09-19 13:10:00,0.972,EVENT_DETECTED,1.2151285545507038,0.8448922563638107,0.7797499007290215,4404517558.090562,0.7147024144834092,0.03946264150213815,0.30101783872517207,2.1297374860781613,2.338573409519862,-0.004449759249241006,-0.000777562803295808,-0.0001529078628883798,-0.041838104587015014
1974-11-05T09-35-00.csv,/Users/ran/cs/6850/project/data/2026-05-08/slice/GOES-s01,1974-11-05 09:35:00,0.954,EVENT_DETECTED,1.4506732688280295,1.109764416537542,1.0273831489936263,4797620421.017741,0.9484214351377424,0.044206190978533275,0.14628153313285025,2.504063335873997,2.4682919325470776,-0.004664841031230034,-0.0006735132962179552,-0.00020688580206590113,-0.04512815181445259
1975-05-31T15-50-00.csv,/Users/ran/cs/6850/project/data/2026-05-08/slice/GOES-s01,1975-06-01 00:00:00,0.944,EVENT_DETECTED,2.9383445493893956,2.929917070699783,2.8142513186838407,8945049213.790026,2.673924634756428,0.14511533546797,4.019404737138324,1.6000278674167212,1.233743756408914,0.014734446236112779,0.0026750223355966377,-0.0023772061115730123,-0.13716417495076258
1975-06-01T23-50-00.csv,/Users/ran/cs/6850/project/data/2026-05-08/slice/GOES-s01,1975-06-01 23:50:00,0.962,EVENT_DETECTED,3.173258094642828,3.1818482236255923,2.994761635072285,9537282236.15419,2.798828492556456,0.14028962447696416,2.923642984845026,1.6102076107889383,1.3177563978385956,0.0010059331413515963,0.004164179496932502,-0.0007509546089385348,-0.13117261101885763
1975-06-02T03-20-00.csv,/Users/ran/cs/6850/project/data/2026-05-08/slice/GOES-s01,1975-06-02 03:20:00,0.99,EVENT_DETECTED,2.994409732608741,2.891663237056616,2.742685831252158,9090614796.749207,2.5838580759365457,0.11438696889200167,3.2481900790236824,1.527363965940488,1.2382950955498484,-0.004950452705913218,-0.01314744053553188,1.4616612643241492e-05,-0.14446855480918186
1975-06-02T09-50-00.csv,/Users/ran/cs/6850/project/data/2026-05-08/slice/GOES-s01,1975-06-02 09:50:00,0.92,EVENT_DETECTED,2.790748099447891,2.5822960132886714,2.452816596025725,8624465594.614168,2.3155060357523225,0.1189523916366803,3.0912381178965282,1.5625934419093377,1.304128451266742,0.001014874677102351,0.0027928151158343457,-0.00041232430403477483,-0.11833756000929027
1975-06-02T15-25-00.csv,/Users/ran/cs/6850/project/data/2026-05-08/slice/GOES-s01,1975-06-02 15:25:00,0.966,EVENT_DETECTED,2.711486735131857,2.4950586544241906,2.3811899971714596,8464786837.670078,2.268930490395329,0.10193607452238845,3.1318464239794763,1.5293553532580224,1.2735278575090492,-0.004493084409119879,-0.01470817259742626,-0.000168191094210003,-0.1304621223836916
1975-06-02T18-25-00.csv,/Users/ran/cs/6850/project/data/2026-05-08/slice/GOES-s01,1975-06-02 18:25:00,0.938,EVENT_DETECTED,2.5260758817971634,2.374486198782982,2.265143730360823,7956791916.388532,2.155282204211312,0.11394020328242009,2.9620166360541678,1.4858890757890408,1.2586032630229196,0.0016746072477538693,0.00899572678753483,-0.0001908387814641485,-0.09449674444332083
1975-06-03T10-30-00.csv,/Users/ran/cs/6850/project/data/2026-05-08/slice/GOES-s01,1975-06-03 10:30:00,0.984,EVENT_DETECTED,2.974300415709461,2.9349211397794575,2.7988272398685505,9018360508.043964,2.6536451399250356,0.12961384905351364,5.251930085030368,1.4559645458221722,0.9398745845539189,0.005725418175250914,0.01192590326500423,0.00025945925898709633,-0.10640791638540718
1975-06-03T16-50-00.csv,/Users/ran/cs/6850/project/data/2026-05-08/slice/GOES-s01,1975-06-03 16:50:00,0.962,EVENT_DETECTED,2.5086454253156525,2.2632112734958527,2.136730132682146,7708774387.730912,2.0073344009652043,0.11152677865429028,2.833235624445841,1.4897122778831862,1.2246435109787897,-0.0038333781408771994,0.014164668262645431,0.00014254777819074183,-0.08453659948224039
1975-06-04T03-40-00.csv,/Users/ran/cs/6850/project/data/2026-05-08/slice/GOES-s01,1975-06-04 03:40:00,0.96,EVENT_DETECTED,2.4014007684680996,2.2297773294089622,2.124515580169001,7520207054.001487,2.0180576542166433,0.0904660748035929,2.7271254287403126,1.4153169209992578,1.178421594702592,0.0025046604809782495,-0.008893630543064357,-0.00021330458358036872,-0.10800363817009732
1975-07-09T03-40-00.csv,/Users/ran/cs/6850/project/data/2026-05-08/slice/GOES-s01,1975-07-09 03:40:00,0.884,EVENT_DETECTED,2.9839606700744845,2.92861101777677,2.7437317701759993,9030720978.17359,2.5460654691331057,0.07864711309613359,4.127936939875362,1.521729719372754,1.1637574323704571,-0.013284731824126317,-0.0552144739379521,-0.0032145983694590453,-0.1766497205436334
1975-07-09T23-55-00.csv,/Users/ran/cs/6850/project/data/2026-05-08/slice/GOES-s01,1975-07-09 23:55:00,0.976,EVENT_DETECTED,2.792343421732802,2.8178380383029964,2.6939084429739983,8481419442.170533,2.55690637257028,0.10349876804458971,4.048685191186441,1.5379108444585532,1.1280254194607544,-0.0025158552679057674,-0.012229688515761524,-6.606540490860141e-05,-0.12711584299713422
1975-07-10T23-10-00.csv,/Users/ran/cs/6850/project/data/2026-05-08/slice/GOES-s01,1975-07-10 23:10:00,0.902,EVENT_DETECTED,2.5925087118776298,2.482373116247802,2.336506161338869,7988246699.804194,2.184757387126954,0.10889246059164259,2.835433242589711,1.5571560313191515,1.298864971241537,0.007204656611030045,0.007578472332005124,-0.00041001339116003387,-0.09337666329377886
1975-07-14T02-40-00.csv,/Users/ran/cs/6850/project/data/2026-05-08/slice/GOES-s01,1975-07-14 02:40:00,0.962,EVENT_DETECTED,3.1551610793802944,3.093049181394758,2.9788030296017536,9342935634.88763,2.878869057298459,0.17323204929976868,5.271728435734439,1.5279251924514867,1.00647877570878,0.06069941781406991,0.049505940309318604,0.00037316503006048005,-0.06633863259514058
1975-07-14T08-40-00.csv,/Users/ran/cs/6850/project/data/2026-05-08/slice/GOES-s01,1975-07-14 08:40:00,0.982,EVENT_DETECTED,3.119340127002519,3.1731366882739183,3.0755871850980756,9349180358.996378,2.9788706546284627,0.15674936611160792,5.289722698213798,1.4012339381552332,0.8629774850699073,0.008634612373378304,0.014032935085274494,-0.0003044189258466489,-0.121147779416218
1975-07-15T09-35-00.csv,/Users/ran/cs/6850/project/data/2026-05-08/slice/GOES-s01,1975-07-15 09:35:00,0.982,EVENT_DETECTED,3.047899767216825,3.017406864742592,2.889957191818296,9182682691.28176,2.7719170742193096,0.12779499752089313,5.243239558465565,1.4851127804975708,1.0761204093871468,0.0011071786383436578,-0.0004096713045021289,1.613106708392236e-05,-0.1299172167015716
1975-07-16T03-40-00.csv,/Users/ran/cs/6850/project/data/2026-05-08/slice/GOES-s01,1975-07-16 03:40:00,0.934,EVENT_DETECTED,2.8114588470629585,2.8773997351419416,2.7413075003844356,8596217044.514238,2.6038249938107163,0.14049907723651708,4.87487569257819,1.3910337893853757,0.9858207241500754,0.0009250487745750893,0.002510998500794945,-0.0005231925183143345,-0.13503096172050436
1975-07-16T14-40-00.csv,/Users/ran/cs/6850/project/data/2026-05-08/slice/GOES-s01,1975-07-16 14:40:00,0.944,EVENT_DETECTED,2.7693197446527433,2.8137363109103037,2.6921495447387893,8399876601.115764,2.5724418817667827,0.14038776522560256,3.771121801056627,1.4938064866392216,1.1505033403403768,0.003439845548878464,0.007256833461178156,-0.00028979147201983746,-0.12412917356610244
1975-07-17T03-15-00.csv,/Users/ran/cs/6850/project/data/2026-05-08/slice/GOES-s01,1975-07-17 03:15:00,0.98,EVENT_DETECTED,3.085728758241127,3.0987211954683276,2.969026140772317,9276404634.92301,2.838513488448637,0.13390828146151337,5.251930085030368,1.4898100032214345,1.0302371766997838,0.0049592016247045866,0.004999769884279413,9.956889719665343e-05,-0.12247562859596559
1975-07-17T14-30-00.csv,/Users/ran/cs/6850/project/data/2026-05-08/slice/GOES-s01,1975-07-17 14:30:00,0.996,EVENT_DETECTED,3.2048266119474276,3.2017343543707395,3.0846059318470163,9386962441.214617,2.972736077092137,0.15148570590239754,5.289722698213798,1.4605222243434355,0.9409660659460178,0.0002957752964818159,-0.00418774303684305,0.000322851738671781,-0.15957459402789542
1975-07-17T21-30-00.csv,/Users/ran/cs/6850/project/data/2026-05-08/slice/GOES-s01,1975-07-17 21:30:00,0.982,EVENT_DETECTED,3.219521549116293,3.2688432749817253,3.1576620830192192,9386998072.710054,3.0537891538244173,0.14812182031704077,5.251930085030368,1.4665961064971271,0.9894782680664727,-0.002586792747486592,-0.004957574481045574,-0.00017626357542256711,-0.16070206807800713
1975-07-18T02-45-00.csv,/Users/ran/cs/6850/project/data/2026-05-08/slice/GOES-s01,1975-07-18 02:45:00,0.992,EVENT_DETECTED,3.103141237303114,3.0735314565316174,2.971376836555534,9318896117.068356,2.8714568921953356,0.15476916358490048,5.251930085030368,1.4582003062109434,0.9986722609744508,0.00023341226696908728,0.0057639250788551815,0.00032248270846143895,-0.14468811342559668
1975-07-18T10-00-00.csv,/Users/ran/cs/6850/project/data/2026-05-08/slice/GOES-s01,1975-07-18 10:00:00,0.976,EVENT_DETECTED,3.2930525507161907,3.253402037847959,3.164703978754673,9386962441.214617,3.0690756472899703,0.2014349428325171,5.35399615474266,1.4974232771310467,1.0343486609994554,0.008864283192190006,0.012273511871573148,-0.00021542797640822394,-0.16814712999576803
1975-07-19T16-50-00.csv,/Users/ran/cs/6850/project/data/2026-05-08/slice/GOES-s01,1975-07-19 16:50:00,0.984,EVENT_DETECTED,3.150152650710118,3.1294460013568064,3.0111564817301817,9380717623.275318,2.8887468500626077,0.16259232945788896,4.902416873326797,1.6590030676991987,1.215524554603749,0.008862828152484256,0.012058224309799763,-7.883264594944542e-05,-0.12898934029943668
1975-07-19T20-40-00.csv,/Users/ran/cs/6850/project/data/2026-05-08/slice/GOES-s01,1975-07-19 20:40:00,0.974,EVENT_DETECTED,3.154523004035073,3.2026778659529938,3.100368284056345,9380717623.275318,2.999885107054966,0.16485170958064477,5.251930085030368,1.5529191736615875,1.081476528716195,0.004123108038138179,0.004399790749599661,-0.0002993140133828274,-0.1473632982957424
1975-07-23T16-05-00.csv,/Users/ran/cs/6850/project/data/2026-05-08/slice/GOES-s01,1975-07-23 16:05:00,0.984,EVENT_DETECTED,3.059374354511853,3.021541885502263,2.8850281148970556,9204366985.130867,2.7300309731300385,0.1443229375823139,5.243239558465565,1.5288040795292714,1.079719024004242,0.004380133058421023,0.0069248094382984605,0.00022774991803121923,-0.13078923890110117
1975-07-27T08-45-00.csv,/Users/ran/cs/6850/project/data/2026-05-08/slice/GOES-s01,1975-07-27 08:45:00,0.98,EVENT_DETECTED,2.9635680420683546,2.906153153264531,2.754286226998565,9003233462.500952,2.6029549045316642,0.12841321453006635,3.7827333284339164,1.475425506553206,1.1261430742731176,0.006343147139733804,0.0009883832352661354,-0.00015278419644731061,-0.12814250651955436
1975-07-27T15-20-00.csv,/Users/ran/cs/6850/project/data/2026-05-08/slice/GOES-s01,1975-07-27 15:20:00,0.97,EVENT_DETECTED,2.8199311100584143,2.8258543674521808,2.6968735367764682,8635395557.417393,2.564408575537097,0.12179330924104009,3.34908623360574,1.4204670360434084,1.1151520473030199,-0.004889497395353184,-0.00040760848154796487,-0.0001778558419614011,-0.11938875445673193
1975-07-27T20-25-00.csv,/Users/ran/cs/6850/project/data/2026-05-08/slice/GOES-s01,1975-07-27 20:25:00,0.974,EVENT_DETECTED,2.6636315690979684,2.509672905315883,2.3653536377345974,8334867202.744868,2.2157545751873835,0.09598823145302264,2.9709083205802864,1.471899176830341,1.2914896231519626,-0.006212110017150955,-0.014014448815590226,5.9616626638510165e-05,-0.1194576483110659
1975-07-28T21-25-00.csv,/Users/ran/cs/6850/project/data/2026-05-08/slice/GOES-s01,1975-07-28 21:25:00,0.978,EVENT_DETECTED,2.7513627926983837,2.675327944805727,2.54156042966745,8403237804.805555,2.39950809342903,0.11203562947180364,3.747273614566038,1.4680676336416167,1.0962747739086316,-0.0002791583784720952,-0.004994566394934553,-3.263169548631404e-05,-0.1206626845366242
1975-08-05T19-10-00.csv,/Users/ran/cs/6850/project/data/2026-05-08/slice/GOES-s01,1975-08-05 19:10:00,0.992,EVENT_DETECTED,3.038739413991373,3.0301848310299326,2.9114489347941213,9147606197.42017,2.7878337128096233,0.12926896536899662,5.310423093030225,1.3939264885566551,0.8954127487961335,0.0033186765097568266,0.003734948086657701,5.96851164832581e-05,-0.11606875595054648
1975-08-06T16-50-00.csv,/Users/ran/cs/6850/project/data/2026-05-08/slice/GOES-s01,1975-08-06 16:50:00,0.98,EVENT_DETECTED,3.0308851921306093,3.0863474562332516,2.9387852553074834,9138173023.500383,2.783188879543636,0.1371221498595174,5.1631613513076715,1.6259844041317546,1.1910770990504973,0.004924760623741643,0.00893190612543301,-1.0573852006223806e-05,-0.11970717780892236
1975-08-08T16-00-00.csv,/Users/ran/cs/6850/project/data/2026-05-08/slice/GOES-s01,1975-08-08 16:00:00,0.974,EVENT_DETECTED,2.6858231750849946,2.6226870574122803,2.475946836457845,8248287160.919951,2.326800211940111,0.07568475364804156,3.394705219878817,1.3730751728139106,1.042174726856008,-0.011425213573611452,-0.0291330899952029,0.0007845771264344214,-0.14327957798256377
1975-08-09T20-50-00.csv,/Users/ran/cs/6850/project/data/2026-05-08/slice/GOES-s01,1975-08-09 20:50:00,0.972,EVENT_DETECTED,2.1275306899238076,1.9375343972363017,1.8387945489704145,6755775517.153291,1.7388776905511836,0.06876089814773444,2.6216197792327827,1.4783316236199266,1.3403240044305382,-0.002181857119109729,-0.01904411126834609,0.00023716797975737017,-0.10188712183007224
1975-08-10T04-30-00.csv,/Users/ran/cs/6850/project/data/2026-05-08/slice/GOES-s01,1975-08-10 04:30:00,0.994,EVENT_DETECTED,1.587382284706118,1.4981973216901252,1.4356670691678892,5381432711.687908,1.3717074769479913,0.05913519183564043,2.2367703675371535,1.3771539177522778,1.1877812037225595,-0.004850422786466412,-0.008274689461656617,7.018386765159157e-05,-0.07187410771037492
1975-08-10T09-50-00.csv,/Users/ran/cs/6850/project/data/2026-05-08/slice/GOES-s01,1975-08-10 09:50:00,0.994,EVENT_DETECTED,1.6653631374086084,1.5616931673682328,1.4866537896493115,5501453501.861818,1.4106553770342378,0.07011739843455941,2.2172436861295712,1.4112400136112566,1.237759346841429,0.003383589413912742,-0.0019258738466364108,8.849558508335796e-06,-0.07096324828750743
1975-08-10T14-30-00.csv,/Users/ran/cs/6850/project/data/2026-05-08/slice/GOES-s01,1975-08-10 14:30:00,0.988,EVENT_DETECTED,1.81525636767339,1.6671236036131072,1.575786811957351,5980044983.326246,1.4836113405847695,0.061835565443496845,2.3078024220742632,1.4463547736019893,1.3722190923257507,-0.0003074151799968299,-0.013449436766192053,0.00019699699952269886,-0.08816248088958752
1975-08-11T16-20-00.csv,/Users/ran/cs/6850/project/data/2026-05-08/slice/GOES-s01,1975-08-11 16:20:00,0.972,EVENT_DETECTED,2.3130743634410322,2.1846624774696384,2.0770644358575785,7141999904.596408,1.9737721457450002,0.09420343697506472,3.2166030877879486,1.3907908898572965,1.050490723056312,-0.005735186302419053,-0.00555262034151117,0.001168337290111004,-0.10070790236577674
1975-08-14T03-50-00.csv,/Users/ran/cs/6850/project/data/2026-05-08/slice/GOES-s01,1975-08-14 03:50:00,0.942,EVENT_DETECTED,2.5935876333540717,2.5346265637800274,2.417657000407668,7963796132.833598,2.2990734488146964,0.09874538136179073,3.1030781925333524,1.5150995224494912,1.17295809030041,-0.0037078429628662926,-0.0030570068405395595,-0.0001933925366557826,-0.10648134826746171
1975-08-16T16-40-00.csv,/Users/ran/cs/6850/project/data/2026-05-08/slice/GOES-s01,1975-08-16 16:40:00,0.952,EVENT_DETECTED,2.5761633950658873,2.5956607749835006,2.467729429263305,7895236007.383651,2.332261174118523,0.13677676201460673,3.1909634653186134,1.3659518018286716,1.098145087907123,0.004966846198063729,0.009816153106760811,-0.0002472515853347515,-0.1126730140449364
1975-08-18T03-05-00.csv,/Users/ran/cs/6850/project/data/2026-05-08/slice/GOES-s01,1975-08-18 03:05:00,0.954,EVENT_DETECTED,2.4452868100552765,2.338621884055713,2.2172379423643123,7610340433.084638,2.0962031726916743,0.10281259773554088,2.625965042515184,1.546919685099741,1.3590516706486417,-0.0031717203922264564,-0.005806963344920679,-0.00029868770982647837,-0.11369472199773914
1975-08-19T09-30-00.csv,/Users/ran/cs/6850/project/data/2026-05-08/slice/GOES-s01,1975-08-19 09:30:00,0.98,EVENT_DETECTED,2.527716842295234,2.439935769542233,2.3168976633541973,7608366171.823178,2.1924670409840057,0.10162442382879838,3.608576432423875,1.416863635019091,1.0529149060203795,0.0012957141299755484,-0.013524797681395438,-1.995598487661137e-05,-0.1274825936030261
1975-08-19T19-45-00.csv,/Users/ran/cs/6850/project/data/2026-05-08/slice/GOES-s01,1975-08-19 19:45:00,0.954,EVENT_DETECTED,2.5142879971486556,2.3785177501483616,2.2617545284487384,7743573671.711439,2.1438762598067314,0.10576715610187806,2.8867676037424195,1.4755241689816299,1.2554753009334974,-0.004242147735709326,-0.001821998353495068,-0.0002201694325535793,-0.10985887190985714
1975-08-20T15-35-00.csv,/Users/ran/cs/6850/project/data/2026-05-08/slice/GOES-s01,1975-08-20 15:35:00,1.0,EVENT_DETECTED,1.438828694797769,1.3978640300071892,1.325401787222849,4825767297.439435,1.2468262245491917,0.06547374314704134,1.3992206008343724,1.5258102021661535,1.5252079732406683,0.0016938650581577149,0.0036760702380143223,-5.450459966535955e-05,-0.05670704063923382
1975-08-20T23-40-00.csv,/Users/ran/cs/6850/project/data/2026-05-08/slice/GOES-s01,1975-08-20 23:40:00,0.998,EVENT_DETECTED,1.5799848309886018,1.445885623123007,1.3579663768826824,5319713673.69147,1.2637047376889396,0.06605284559249622,1.462278081516189,1.6272078071580047,1.6834373631040949,-0.002688907207729308,0.0027610100452538982,-8.2285484030032e-06,-0.06051185033405495
1975-08-21T16-50-00.csv,/Users/ran/cs/6850/project/data/2026-05-08/slice/GOES-s01,1975-08-21 16:50:00,0.558,EVENT_DETECTED,0.5660966567269823,0.5486503930830938,0.5121828345987838,1943855267.499046,0.47397635991945003,0.023695129897718527,0.28954910156018565,1.7416900259242807,1.8244421657689938,-0.00038080691591611354,-0.0007382566942659681,9.03759719424021e-05,-0.02390125452735889
1975-08-23T09-10-00.csv,/Users/ran/cs/6850/project/data/2026-05-08/slice/GOES-s01,1975-08-23 09:10:00,0.958,EVENT_DETECTED,2.356681435705167,2.1318837354957987,2.017800055241383,7409479247.329198,1.8988501414523626,0.09672744742922616,2.5772406301656785,1.670357522742479,1.384679332793386,0.005174073014348642,-0.0019721192594340945,5.3589378537098705e-05,-0.09930710063328978
1975-08-23T18-25-00.csv,/Users/ran/cs/6850/project/data/2026-05-08/slice/GOES-s01,1975-08-23 18:25:00,0.958,EVENT_DETECTED,2.659722899509026,2.551699718954218,2.4214264181745206,8230169949.744425,2.2922130767604347,0.11023702753056135,2.6861236438975005,1.580978926141889,1.3813437504921728,0.0009106827777414352,-0.0010349938555879062,-0.00021695416742944913,-0.1101335061174238
1975-08-24T10-00-00.csv,/Users/ran/cs/6850/project/data/2026-05-08/slice/GOES-s01,1975-08-24 10:00:00,0.966,EVENT_DETECTED,2.747243595598166,2.615506227315272,2.480511536793175,8375427438.224079,2.3404533387555,0.12785223922972103,2.705730956972423,1.6859721577478912,1.384306095811487,0.008578448066955326,0.00924641381969285,-9.859079506255335e-05,-0.10690972479509799
1975-08-27T21-55-00.csv,/Users/ran/cs/6850/project/data/2026-05-08/slice/GOES-s01,1975-08-27 21:55:00,0.956,EVENT_DETECTED,2.431746828364841,2.3693895279124013,2.232219485270043,7437735418.162821,2.091916763228621,0.13602100763529562,3.0590543646675656,1.3672660211782666,1.0432253546276984,0.004378516208014005,0.015215957179492394,-0.0001977141800167174,-0.10153542480504338
1975-08-30T04-30-00.csv,/Users/ran/cs/6850/project/data/2026-05-08/slice/GOES-s01,1975-08-30 04:30:00,0.968,EVENT_DETECTED,2.354681743756657,2.1672098840004415,2.0460622561619695,7343930324.239039,1.9227641831222464,0.10059647434541348,2.6085839893855782,1.5508514275031209,1.3080903184561745,0.0009131008664052964,-0.0029671163774782454,-0.0001162028290661198,-0.10729697347244326
1975-08-31T01-35-00.csv,/Users/ran/cs/6850/project/data/2026-05-08/slice/GOES-s01,1975-08-31 01:35:00,0.972,EVENT_DETECTED,2.679471366244623,2.5036931450150437,2.3666013652705304,8197149880.863028,2.2296918824776792,0.1249376080308011,3.3835407658509093,1.4752078076955284,1.1913505452064148,0.001768042886752792,0.0037911855680274062,9.090932254876436e-05,-0.11767310714487272
1975-09-02T02-40-00.csv,/Users/ran/cs/6850/project/data/2026-05-08/slice/GOES-s01,1975-09-02 02:40:00,0.928,EVENT_DETECTED,2.8715726777999473,2.8483708368230434,2.720296337077527,8669058967.214806,2.5902921520578728,0.12632899523274455,3.77486315445492,1.4395279143926172,1.0740544665489962,-0.00345428693268911,-0.002635435533195911,-0.00039623213841451444,-0.12758321348783325
1975-09-03T03-45-00.csv,/Users/ran/cs/6850/project/data/2026-05-08/slice/GOES-s01,1975-09-03 03:45:00,0.966,EVENT_DETECTED,2.855370271859898,2.6833283414374622,2.565933952342481,8709444706.1222,2.444088841962909,0.1248148902199216,2.991925930452238,1.6503657662274966,1.262648214334065,0.008254892974846611,0.014372669527863525,-4.304614203722188e-05,-0.10178679912955187
1975-09-04T04-25-00.csv,/Users/ran/cs/6850/project/data/2026-05-08/slice/GOES-s01,1975-09-04 04:25:00,0.978,EVENT_DETECTED,2.8488663424918497,2.8022927669471347,2.6674386795257923,8667702526.647802,2.523896422471935,0.1161277594925651,4.28806852842188,1.5088298284523813,1.0895252145488608,-0.005105562678453308,-0.008671835917400655,-0.0001236937268127588,-0.13449340434073462
1975-09-05T01-35-00.csv,/Users/ran/cs/6850/project/data/2026-05-08/slice/GOES-s01,1975-09-05 01:35:00,0.958,EVENT_DETECTED,2.823574084417862,2.683222326977304,2.515944703273744,8613375623.810316,2.3372355398740394,0.11667828216086126,3.321024446629771,1.6576222683638084,1.2986696846718133,0.0028113222236700397,-0.0019185339168007083,-0.00022531516457024946,-0.12063745119042274
1975-09-07T02-35-00.csv,/Users/ran/cs/6850/project/data/2026-05-08/slice/GOES-s01,1975-09-07 02:35:00,0.994,EVENT_DETECTED,2.922879017413386,2.890079516531141,2.7391391940073078,8824403892.611298,2.580667693859848,0.12905178646635548,5.2171679787711565,1.4506544488765314,1.0337541224504454,0.0017080302545074441,-0.001987034403333873,4.287768043773296e-06,-0.13108316749388904
1975-09-07T10-50-00.csv,/Users/ran/cs/6850/project/data/2026-05-08/slice/GOES-s01,1975-09-07 10:50:00,0.992,EVENT_DETECTED,2.919427253517051,2.881954663441781,2.74168894311762,8797879136.696924,2.5926492829874928,0.11238323640416635,5.127642347850021,1.4697789941577157,1.068310697495151,-0.002622310429018732,-0.016670464349299707,-0.00011424671897355668,-0.14866846341857326
1975-09-09T02-30-00.csv,/Users/ran/cs/6850/project/data/2026-05-08/slice/GOES-s01,1975-09-09 02:30:00,0.976,EVENT_DETECTED,2.372947270483962,2.2283732858831313,2.122255213638841,7459442071.440809,2.006871639956231,0.09450248565151667,2.962444028268959,1.4728726657080318,1.2434135474477153,-0.0025868385602596912,-0.00943774853315155,8.242493215141376e-05,-0.11250505850640166
1975-09-09T07-15-00.csv,/Users/ran/cs/6850/project/data/2026-05-08/slice/GOES-s01,1975-09-09 07:15:00,0.976,EVENT_DETECTED,2.003342718588277,1.8136299991182943,1.7340292235215944,6634908625.325585,1.6504130166933806,0.06940699653203779,2.2464294178280872,1.5314599103161521,1.5033362641565906,-0.006472547103767207,-0.012645622617688777,7.898437180786121e-05,-0.0918624461673359
1975-09-10T01-30-00.csv,/Users/ran/cs/6850/project/data/2026-05-08/slice/GOES-s01,1975-09-10 01:30:00,0.978,EVENT_DETECTED,2.3750909922810095,2.215160067126298,2.0810002761684103,7487049493.212751,1.9434089348818095,0.0923446980031771,2.6303103057975856,1.4373080751119294,1.2630164892229145,-0.006011439759527196,-0.007499989361817121,-0.00015775979744128745,-0.10664087687033831
1975-09-10T06-50-00.csv,/Users/ran/cs/6850/project/data/2026-05-08/slice/GOES-s01,1975-09-10 06:50:00,0.996,EVENT_DETECTED,1.775890010732768,1.569737942367526,1.4791656411057272,5972683029.242036,1.3885214473261747,0.0744093847085801,1.9377435074395009,1.539110412222032,1.5581720669991777,-0.002593966111870594,0.000102625025146939,1.584660960298973e-05,-0.07362131820594549
1975-09-11T08-30-00.csv,/Users/ran/cs/6850/project/data/2026-05-08/slice/GOES-s01,1975-09-11 08:30:00,0.998,EVENT_DETECTED,1.9053474092712477,1.6674534753805956,1.5690859533473034,6171245719.010927,1.4688443603878774,0.0655512560887184,1.7489103333871405,1.5686505661868004,1.4792048739085752,-0.0009219159335129524,-0.013527372472985133,7.774267307132155e-05,-0.09135753481053101
1975-09-12T04-35-00.csv,/Users/ran/cs/6850/project/data/2026-05-08/slice/GOES-s01,1975-09-12 04:35:00,0.962,EVENT_DETECTED,2.1421374779765356,2.01836514398303,1.900339245955253,6742438627.274326,1.7678417214016986,0.10718388807756907,2.8527698600101603,1.5441422411482189,1.2885500223253348,0.00275588753719715,0.01532916855948788,-0.00014069457176219143,-0.07481770507183515
1975-09-15T03-05-00.csv,/Users/ran/cs/6850/project/data/2026-05-08/slice/GOES-s01,1975-09-15 03:05:00,0.87,EVENT_DETECTED,2.711254510803439,2.5204903105126406,2.379402369169323,8427130258.75803,2.2288857523700556,0.046089912672812254,2.0011184720244604,1.6365057668723275,1.6327578425142004,-0.044388130304649075,-0.07615824241220846,-0.00203120806780439,-0.20973265841010594
1975-09-15T09-00-00.csv,/Users/ran/cs/6850/project/data/2026-05-08/slice/GOES-s01,1975-09-15 09:00:00,0.974,EVENT_DETECTED,2.3784020747926173,2.1699809680356745,2.0551982047003956,7542566960.340684,1.940397746828075,0.08528276221992892,2.7729208536908097,1.5182992817310634,1.45970162523399,-0.0074717326746642455,-0.019276276779068624,0.00027940783983561036,-0.1267960113033352
1975-09-15T15-05-00.csv,/Users/ran/cs/6850/project/data/2026-05-08/slice/GOES-s01,1975-09-15 15:05:00,0.988,EVENT_DETECTED,1.5589892786103203,1.471042223520579,1.3991858908903565,5323622947.376328,1.3279368706266752,0.07026465098490077,1.7572117588106644,1.4836058202713125,1.475393973830508,-0.0013206886485068034,3.239321989825393e-05,-6.214330498550886e-05,-0.0695944926618591
1975-09-17T04-15-00.csv,/Users/ran/cs/6850/project/data/2026-05-08/slice/GOES-s01,1975-09-17 04:15:00,0.99,EVENT_DETECTED,2.0837326282460276,1.878174022668284,1.7679581807711462,6504050623.505051,1.6511141975598973,0.08536349561095455,2.4592181076070765,1.5643701041220752,1.4342008399294948,0.0028455429683162,-0.0004932702890884749,-2.8953148987631557e-05,-0.08817644143578125
1975-09-17T08-05-00.csv,/Users/ran/cs/6850/project/data/2026-05-08/slice/GOES-s01,1975-09-17 08:05:00,0.94,EVENT_DETECTED,2.258386441047941,2.043310927197386,1.937024030672528,7134081574.297258,1.825921521048319,0.09344599505842566,2.625965042515184,1.5606569002895176,1.4078459978474234,0.002317253143720783,0.0018055976640956898,-0.00027035603553894453,-0.09284249709495696
1975-09-17T16-25-00.csv,/Users/ran/cs/6850/project/data/2026-05-08/slice/GOES-s01,1975-09-17 16:25:00,0.902,EVENT_DETECTED,2.5063965828046357,2.2934770021446447,2.1752962579195185,7816656740.992996,2.0547680153887984,0.11348946776483732,2.605767697364476,1.5728528176834862,1.4021517511838508,0.005130516398720191,0.0034554446904740553,-0.0003422227393822008,-0.10845361364505833
1975-09-18T12-35-00.csv,/Users/ran/cs/6850/project/data/2026-05-08/slice/GOES-s01,1975-09-18 12:35:00,0.934,EVENT_DETECTED,2.330188416552666,2.144919608693023,2.038138401169529,7361387380.958487,1.9224660038766195,0.09894958476673366,2.5129958805516126,1.5814584846783897,1.3911262991316664,-0.003680305902410824,-0.003720666693912077,-0.00026090158550600654,-0.10500552208363093
1975-09-23T16-20-00.csv,/Users/ran/cs/6850/project/data/2026-05-08/slice/GOES-s01,1975-09-23 16:20:00,0.992,EVENT_DETECTED,3.2071964760756013,3.0601060581841826,2.9249113243962745,9467874371.49593,2.7773056934724885,0.1395757713070124,5.271728435734439,1.5335589036778283,1.0890019664068178,4.884140823535335e-05,-0.011836203012333443,4.0565281924347645e-05,-0.16306545820213775
1975-09-27T04-50-00.csv,/Users/ran/cs/6850/project/data/2026-05-08/slice/GOES-s01,1975-09-27 04:50:00,0.944,EVENT_DETECTED,2.8763698664088655,2.8407727777792755,2.7198763582815215,8645576492.602707,2.5938830804708415,0.13329477423318728,3.3993957317093617,1.5403358869657982,1.1744171371562788,0.006788228098636062,0.0110702300836749,-0.00025668175172769526,-0.10996353607799485
1975-09-28T13-40-00.csv,/Users/ran/cs/6850/project/data/2026-05-08/slice/GOES-s01,1975-09-28 13:40:00,0.932,EVENT_DETECTED,2.7616342547690444,2.7899688090289403,2.667075538734305,8323323946.76674,2.5475295763559185,0.12307963118838289,4.150939489820857,1.5367592362864562,1.157604381120815,-0.003053236520316258,-0.003645631349331101,-0.000586142129534759,-0.12755414068734358
1975-09-29T03-50-00.csv,/Users/ran/cs/6850/project/data/2026-05-08/slice/GOES-s01,1975-09-29 03:50:00,0.906,EVENT_DETECTED,2.839505260347674,3.1395445516279716,2.9814217318831586,8584046574.108949,2.797966489153289,0.14197354389117522,3.295683167356222,1.4542687650677182,1.1945852671154926,0.012135081905372887,0.009146260587885022,-0.015842129384470913,-0.1292997292521938
1975-09-30T16-55-00.csv,/Users/ran/cs/6850/project/data/2026-05-08/slice/GOES-s01,1975-10-01 00:00:00,0.92,EVENT_DETECTED,2.816982247787106,2.783283672000454,2.630434319232776,8554739916.669597,2.477680789912514,0.15560837059964264,4.495372509959268,1.4422894710648615,1.1009299492213163,0.002569893083550424,0.019764975274045984,-0.0007639066447568483,-0.12060013030234504
1975-10-01T02-35-00.csv,/Users/ran/cs/6850/project/data/2026-05-08/slice/GOES-s01,1975-10-01 02:35:00,0.916,EVENT_DETECTED,2.4046584529475674,2.268112077391423,2.1252716519638035,7489061583.401736,1.983651785448485,0.10590473811052208,2.820276648407181,1.5061249661253695,1.2727085650713161,-0.001775988216930271,-0.0010920384617717949,-0.00041240310319035626,-0.11160094591916452
1975-10-04T11-40-00.csv,/Users/ran/cs/6850/project/data/2026-05-08/slice/GOES-s01,1975-10-04 11:40:00,0.984,EVENT_DETECTED,2.104070333968603,1.9328271151252026,1.8189364075087326,6508627346.363535,1.7030573810348304,0.08608298175846897,2.730910412165932,1.437135446642648,1.2585282465159024,-0.0023545063601906674,-0.00911382726133241,4.261624583425219e-05,-0.10601732188204696
1975-10-05T00-15-00.csv,/Users/ran/cs/6850/project/data/2026-05-08/slice/GOES-s01,1975-10-05 00:15:00,0.954,EVENT_DETECTED,1.8804913755985342,1.7323115171062082,1.61499534651987,5978526320.880426,1.4956196922004354,0.0848106374458276,2.104165038813933,1.4853807247855846,1.4142795682428768,0.0015147710704507822,-0.0022942578063198113,-0.00014416789597113282,-0.09001289727604504
1975-10-05T15-05-00.csv,/Users/ran/cs/6850/project/data/2026-05-08/slice/GOES-s01,1975-10-05 15:05:00,0.984,EVENT_DETECTED,2.057593636259489,1.7714678584641907,1.627973634625974,6509356924.444576,1.4797258957832586,0.0832307447617957,1.6699745236805974,1.623133072903993,1.468293469216916,-0.0011770439177488266,-0.005087399565342383,-0.00013949581931099424,-0.09333032766489713
1975-10-06T00-10-00.csv,/Users/ran/cs/6850/project/data/2026-05-08/slice/GOES-s01,1975-10-06 00:10:00,0.986,EVENT_DETECTED,2.087030974758073,1.8959340944995804,1.7639339611424032,6709801466.828162,1.6275936343344828,0.09795780960417429,1.6503996195552335,1.6435629222852322,1.548267153032452,0.005296455950438629,0.01067924104140353,-8.718411035290491e-05,-0.07664871262201117
1975-10-07T15-00-00.csv,/Users/ran/cs/6850/project/data/2026-05-08/slice/GOES-s01,1975-10-07 15:00:00,0.984,EVENT_DETECTED,1.5121969286167924,1.3253075885957029,1.256825505397789,5055245029.966095,1.1865552552179728,0.06201195580321594,1.0288234644606218,1.7991015390883354,1.867204680758613,0.008247653610655626,0.00012480692741274885,-0.0013763471325391543,-0.06354738388663692
1975-10-08T06-35-00.csv,/Users/ran/cs/6850/project/data/2026-05-08/slice/GOES-s01,1975-10-08 06:35:00,0.96,EVENT_DETECTED,2.1578968090465103,1.9463365842216236,1.8124769907560527,6891693054.2692795,1.6747831962237145,0.07698014186414293,2.1207914705716195,1.596103409643944,1.5335796928032688,-0.006305741510681649,-0.015110281343729996,-0.00026189721839078867,-0.10842513130779059
1975-10-08T21-10-00.csv,/Users/ran/cs/6850/project/data/2026-05-08/slice/GOES-s01,1975-10-08 21:10:00,0.964,EVENT_DETECTED,2.611737516653276,2.254625264363093,2.123948621883513,7949357725.272622,1.9920016066389115,0.1052050103309455,2.851083158500529,1.5881046901865221,1.3273618895509827,0.0006661758525158036,0.0003778329911410164,0.0009314556065298408,-0.10297739160654565
1975-10-10T23-30-00.csv,/Users/ran/cs/6850/project/data/2026-05-08/slice/GOES-s01,1975-10-10 23:30:00,0.946,EVENT_DETECTED,2.2973394236224434,2.209326562310929,2.091169114845877,6997585765.786775,1.9696144917080987,0.09466658992837809,2.6448613491068986,1.5264073997311924,1.3243013524254104,-0.0022191004093609135,-0.004669082506309827,-0.0002530559294022265,-0.10319746495679585
1975-10-11T02-40-00.csv,/Users/ran/cs/6850/project/data/2026-05-08/slice/GOES-s01,1975-10-11 02:40:00,0.97,EVENT_DETECTED,2.4689046768607423,2.3240938636961004,2.199992462811183,7574335266.016017,2.072548893744515,0.09870496329717654,2.6495854257548275,1.5433206077145474,1.3058625187970656,-0.0018964712269395913,-0.008028846615253995,2.392540934983693e-05,-0.11593526656636312
1975-10-11T05-35-00.csv,/Users/ran/cs/6850/project/data/2026-05-08/slice/GOES-s01,1975-10-11 05:35:00,0.894,EVENT_DETECTED,2.2741155001004216,2.1359242282261874,2.0269909170529097,7092999415.41839,1.9155935177184467,0.09592305548849642,2.120321266590355,1.585684681448483,1.4610615727916583,-0.0009070181687135169,-0.0004136577150324218,-0.00037290183699180537,-0.09616842130264033
1975-10-12T08-30-00.csv,/Users/ran/cs/6850/project/data/2026-05-08/slice/GOES-s01,1975-10-12 08:30:00,0.974,EVENT_DETECTED,2.3545803950021797,2.0367099898629055,1.9177368023182384,7375849007.203386,1.7995889508483691,0.11390817891596774,2.841055076308545,1.4408775544169987,1.2738334074358089,9.564751653576082e-05,0.017590715159107387,0.002044408047081143,-0.08062233221749945
1975-10-12T15-15-00.csv,/Users/ran/cs/6850/project/data/2026-05-08/slice/GOES-s01,1975-10-12 15:15:00,0.988,EVENT_DETECTED,2.0418374023435155,1.8644157080886885,1.7564962509712934,6709404738.156153,1.6470984594987002,0.07946411811751017,2.241351808197847,1.5157603258199697,1.4449502031938928,-0.002936168455449301,-0.0013246047459978185,-0.00012483454236902758,-0.08317963532009041
1975-10-13T00-35-00.csv,/Users/ran/cs/6850/project/data/2026-05-08/slice/GOES-s01,1975-10-13 00:35:00,0.89,EVENT_DETECTED,2.1031334288737096,1.9208817010463366,1.803944465154877,6817147776.328248,1.6881274099409658,0.0823439411873669,2.0946054951313724,1.5691412826530498,1.4613552118259225,0.0034587105815016457,0.004729312548688926,-0.0004311963509613677,-0.07111624775375962
1975-10-13T10-45-00.csv,/Users/ran/cs/6850/project/data/2026-05-08/slice/GOES-s01,1975-10-13 10:45:00,0.974,EVENT_DETECTED,2.5896444327983037,2.4650204490374135,2.33239019610636,8012512430.938722,2.2015677302078243,0.10717959633095152,2.9940634977833147,1.4930862913068126,1.257133989314112,0.003947692874570795,-0.0005330531299499707,0.0004701385030945919,-0.10670660133107929
1975-10-13T23-55-00.csv,/Users/ran/cs/6850/project/data/2026-05-08/slice/GOES-s01,1975-10-13 23:55:00,0.98,EVENT_DETECTED,2.98002657578287,2.9361376520676306,2.7680559373654328,9012783303.655132,2.594992011208259,0.13609944729445067,3.830419057521739,1.5181501072635075,1.1504533888567738,0.0043059581642623315,0.006982789329719118,0.00015140067881649083,-0.12096953880914788
1975-10-14T07-40-00.csv,/Users/ran/cs/6850/project/data/2026-05-08/slice/GOES-s01,1975-10-14 07:40:00,0.982,EVENT_DETECTED,2.8262641750165534,2.839444144833332,2.710386167697259,8619856231.735071,2.575816375761809,0.12929573609331993,5.003335895597312,1.3177075878210949,0.8994805791044482,0.0007726162725134021,-0.009927720453005176,-3.524661071572619e-05,-0.14706656546188
1975-10-14T11-55-00.csv,/Users/ran/cs/6850/project/data/2026-05-08/slice/GOES-s01,1975-10-14 11:55:00,0.928,EVENT_DETECTED,2.8377527822687565,2.873738081632203,2.7305269573406323,8644841550.135174,2.583326555306672,0.1382020420044821,3.6678853313215476,1.4479042899555365,1.1050973566057214,0.0007655620330067359,0.003976942793068091,-0.0007507431304502768,-0.12865484475724037
1975-10-15T09-20-00.csv,/Users/ran/cs/6850/project/data/2026-05-08/slice/GOES-s01,1975-10-15 09:20:00,0.972,EVENT_DETECTED,3.1734975111693715,3.1888920081532097,3.051876226773331,9522732855.772507,2.902486986771578,0.1520078894580216,5.065160446833934,1.4630405223684486,1.0304778873391702,0.005038221500202495,0.005416038294269772,-0.0001680662439168829,-0.14656722508087655
1975-10-16T02-20-00.csv,/Users/ran/cs/6850/project/data/2026-05-08/slice/GOES-s01,1975-10-16 02:20:00,0.972,EVENT_DETECTED,2.9197468824726553,2.8650269541018325,2.7130811189639528,8879656128.167112,2.553632602547885,0.13049585201277905,3.501557858549903,1.4741110645672648,1.1737900320367731,0.0007628620176471704,-0.003360150110437048,-0.00020629814983014826,-0.13638518997386076
1974-09-01T00-00-00.csv,/Users/ran/cs/6850/project/data/2026-05-08/slice/GOES-s01/non_event,1974-09-01 00:00:00,0.814,EVENT_DETECTED,2.1873150867335647,2.083924740609614,1.9530316567226924,6766626104.940976,1.82281503241795,0.0928835687677202,0.0,2.081145652488772,1.6474991220765551,0.004093024880696731,0.004133688385301135,-0.0003947165117341726,-0.08538639081885727
1975-03-01T00-00-00.csv,/Users/ran/cs/6850/project/data/2026-05-08/slice/GOES-s01/non_event,1975-03-01 00:00:00,0.936,EVENT_DETECTED,1.5695686160737785,1.3804738292504652,1.2436456246093204,5188124759.193581,1.1068174199681755,0.05958583457407158,0.0,2.96858551614488,2.6317247533328714,0.004456460776538624,0.004619056943726493,-0.00014185850604816707,-0.05013776355281287
1975-04-01T00-00-00.csv,/Users/ran/cs/6850/project/data/2026-05-08/slice/GOES-s01/non_event,1975-04-01 00:00:00,0.946,EVENT_DETECTED,1.9757391311890076,1.8193736637839422,1.6864636757715297,6478991223.210575,1.555710591530648,0.06431033015492287,0.0,2.5390264810823564,2.174189620225578,-0.00958298892176348,-0.013801252148152912,0.0009403724775619962,-0.09284006693675145
1975-06-04T18-40-00.csv,/Users/ran/cs/6850/project/data/2026-05-08/slice/GOES-s01/non_event,1975-06-04 18:40:00,0.958,EVENT_DETECTED,2.844437800763109,2.8675903849093785,2.7358052086608744,8629716500.611773,2.57937862954233,0.1326531750384945,4.177164942204963,1.6664151003872487,1.2405181048416198,-0.0009923710129940912,0.0018135799042296131,-0.00017533034315041836,-0.12545796071535625
1975-07-01T00-00-00.csv,/Users/ran/cs/6850/project/data/2026-05-08/slice/GOES-s01/non_event,1975-07-01 00:00:00,0.956,EVENT_DETECTED,2.844757876221207,2.906991028061531,2.7614767645532594,8588809464.746059,2.620962285706018,0.10552288978020286,5.2171679787711565,1.6545099369487335,1.1788152573598085,-0.002554599498347078,-0.010340049778597697,-0.00032423257533654374,-0.12594796061078112
1975-08-01T00-00-00.csv,/Users/ran/cs/6850/project/data/2026-05-08/slice/GOES-s01/non_event,1975-08-01 00:00:00,0.536,EVENT_DETECTED,1.1998615101927967,1.2876640713010026,1.2876640713010026,4658943906.02931,1.2876640713010026,-0.08145006828722563,0.0,3.6055512646294043,3.328201177351378,-0.07167606009275863,-0.1140300956021159,-0.03258002731489025,-0.14661012291700615
1975-09-19T05-30-00.csv,/Users/ran/cs/6850/project/data/2026-05-08/slice/GOES-s01/non_event,1975-09-19 05:30:00,0.922,EVENT_DETECTED,2.7248105736978596,2.6909599201662777,2.5509052162157455,8203397427.612632,2.4048551231821644,0.13250809885061762,3.817274559986749,1.5074628070806029,1.1624476744477015,0.0019355293395196072,0.003735732617057987,-0.0006183031728123168,-0.12793202884528698
1975-10-16T19-05-00.csv,/Users/ran/cs/6850/project/data/2026-05-08/slice/GOES-s01/non_event,1975-10-16 19:05:00,0.984,EVENT_DETECTED,2.9262336059418903,3.207804192197702,3.0931899094100057,8364325816.737501,2.9994693228105977,0.10986030604005248,4.741413126718004,1.5687401589083871,1.0855063213873277,0.04630860708009071,-0.017291006497682268,0.011160841545379779,-0.14717865931253737
1975-09-22T13-50-00.csv,/Users/ran/cs/6850/project/data/2026-05-08/slice/GOES-s02,1975-09-22 13:50:00,0.95,EVENT_DETECTED,2.2294355087130406,1.8430366867566863,1.7078179580783963,7257601160.09641,1.5591825224289897,0.09244484665000147,0.0,2.391919114168782,2.083638722280769,0.004875717191702884,0.014589714407896442,0.00015539314867881013,-0.06383843799339034
1976-06-19T22-05-00.csv,/Users/ran/cs/6850/project/data/2026-05-08/slice/GOES-s02,1976-06-19 22:05:00,0.984,EVENT_DETECTED,1.668769587366878,1.2910688762447466,1.1874281517024634,5550896999.306051,1.0625303176406142,0.05226835145059703,0.2984989198893351,2.1948428701655804,2.1978425482670656,-0.002380120666263755,-0.009945455802825852,-0.0001053008268327077,-0.07182493004234639
1977-02-25T22-40-00.csv,/Users/ran/cs/6850/project/data/2026-05-08/slice/GOES-s02,1977-02-25 22:40:00,0.934,EVENT_DETECTED,1.8109864454078983,1.5648922743025624,1.4399624623821496,6542501207.982265,1.314054090924567,0.07253615523553264,0.0,2.451947146674504,2.381525832529685,0.005150620029846665,0.004750594147531163,-0.00012237263949423332,-0.061866401712233586
1977-09-16T16-55-00.csv,/Users/ran/cs/6850/project/data/2026-05-08/slice/GOES-s02,1977-09-16 16:55:00,0.972,EVENT_DETECTED,1.7748455922276218,1.2651881713293016,1.196670104465678,5358342950.730712,1.1266478084939473,0.04368873452283524,0.3553072484616602,1.995706905747626,1.8554600297579855,-0.013377215891408601,-0.010174507704420235,-0.00011068987297243574,-0.06624779972113078
1977-09-16T21-30-00.csv,/Users/ran/cs/6850/project/data/2026-05-08/slice/GOES-s02,1977-09-16 21:30:00,0.506,EVENT_DETECTED,0.8498849672507444,0.4041055690377309,0.38175047926350636,3572107620.452217,0.35951441196379874,0.014576078807521098,0.15608158761392077,2.737609567460143,3.295840871735325,-0.007539735459947772,-0.001714693984757522,-0.0001726112541962974,-0.018937734978972883
1977-11-22T00-35-00.csv,/Users/ran/cs/6850/project/data/2026-05-08/slice/GOES-s02,1977-11-22 00:35:00,0.118,LOW_CONFIDENCE,0.3998468764685417,0.1530039709394086,0.1359377158884528,2471967408.046253,0.11882961550165803,0.005757226926673593,0.02823202487700638,4.007523065838311,5.4238514772389514,-0.0006173737277951391,-0.0010209744981408467,6.055562851921329e-06,-0.007825330324023041
1978-01-08T15-50-00.csv,/Users/ran/cs/6850/project/data/2026-05-08/slice/GOES-s02,1978-01-08 15:50:00,0.884,EVENT_DETECTED,0.5177773713417498,0.46398627633298284,0.4375518072437605,1856946624.6138327,0.4102043069496222,0.02021914565513389,0.5282423828492353,1.5401651000240655,1.4560766160672496,0.00016034875954125814,-0.00013707227685441148,-4.168155840744652e-06,-0.020899872781478944
1978-02-12T22-35-00.csv,/Users/ran/cs/6850/project/data/2026-05-08/slice/GOES-s02,1978-02-12 22:35:00,0.126,LOW_CONFIDENCE,0.4147538252750167,0.17207763700072298,0.15804478431829724,2545127326.0443387,0.1434269434346108,0.007787601700488075,0.042315762306724625,3.9772510542350603,5.479684147746297,-0.0004755060743316353,-0.0006531371993054372,2.9471732216414666e-06,-0.009155938336364246
1975-03-01T00-00-00.csv,/Users/ran/cs/6850/project/data/2026-05-08/slice/GOES-s02/non_event,1975-03-01 00:00:00,0.924,EVENT_DETECTED,1.5245186031715443,1.3034194488648307,1.1430686127917395,4974573544.936437,0.9832349830259065,0.055573790736017745,0.0,2.7890438426512527,2.498178107811632,0.004388316730898227,-0.0019326237548315459,-0.00011588908963605513,-0.05996214468362979
1975-04-01T00-00-00.csv,/Users/ran/cs/6850/project/data/2026-05-08/slice/GOES-s02/non_event,1975-04-01 00:00:00,0.942,EVENT_DETECTED,1.6356990921066903,1.5061106865073874,1.373855680055275,5221681741.3236885,1.243981035414079,0.06429966771119557,0.0,2.8394543916518815,2.487274564424895,0.0002265799509663035,0.0009682075701755276,0.00014838391006053779,-0.062363252570844546
1975-05-01T00-00-00.csv,/Users/ran/cs/6850/project/data/2026-05-08/slice/GOES-s02/non_event,1975-05-01 00:00:00,0.954,EVENT_DETECTED,1.4334740170604303,1.088061305594803,0.9775762430122348,5015407600.055177,0.8678488271146215,0.04991126444379815,0.0,3.1847852514397044,2.8707923457040434,-0.0023146449703910386,0.0004905283974820572,9.367375812843278e-05,-0.048930207648834045
1975-06-01T00-00-00.csv,/Users/ran/cs/6850/project/data/2026-05-08/slice/GOES-s02/non_event,1975-06-01 00:00:00,0.934,EVENT_DETECTED,1.5963834612649836,1.4624487762472618,1.3226846787659146,5307778153.8743515,1.1558967144603576,0.06166468919284427,0.0,2.9580993785814194,2.620177272379767,-0.0013334031523331094,-0.00394118661867445,-8.093650462207016e-05,-0.0692505432244752
1975-07-01T00-00-00.csv,/Users/ran/cs/6850/project/data/2026-05-08/slice/GOES-s02/non_event,1975-07-01 00:00:00,0.928,EVENT_DETECTED,2.374474027456279,2.347256056001292,2.191060989075699,7425131849.295516,2.001579207354135,0.12272776576736923,0.0,2.0096590696693815,1.5996002264612252,0.010462928018011103,0.01765697536564723,-0.00011145183691636668,-0.08711468936184685
1975-08-01T00-00-00.csv,/Users/ran/cs/6850/project/data/2026-05-08/slice/GOES-s02/non_event,1975-08-01 00:00:00,0.936,EVENT_DETECTED,1.4931663437898517,1.214414534630332,1.0775501215964265,5064978483.721975,0.941822584861399,0.05102379420249044,0.0,3.065941937055831,2.7397779068244565,-0.003162059238940719,-0.0024356018268179,0.00021011289932230845,-0.05585371646923102
1975-09-01T00-00-00.csv,/Users/ran/cs/6850/project/data/2026-05-08/slice/GOES-s02/non_event,1975-09-01 00:00:00,0.934,EVENT_DETECTED,2.0757106716468754,1.9787317219033875,1.8451312345453954,6619168273.427087,1.7157342053949942,0.09035767848056338,0.0,2.369714037220756,1.9858836370426884,0.0013683845336769957,0.003789107273044135,-0.00011376436935427171,-0.08241404308497129
1975-10-01T00-00-00.csv,/Users/ran/cs/6850/project/data/2026-05-08/slice/GOES-s02/non_event,1975-10-01 00:00:00,0.938,EVENT_DETECTED,1.7102294348872273,1.4613551934083104,1.3363503094495903,5467250000.878253,1.2083985897026681,0.05314351584471416,0.0,2.728814732232117,2.363199733320918,-0.006499203006386347,-0.007594208496415853,-2.8430993839290135e-05,-0.06891663812042029
1975-11-01T00-00-00.csv,/Users/ran/cs/6850/project/data/2026-05-08/slice/GOES-s02/non_event,1975-11-01 00:00:00,0.944,EVENT_DETECTED,1.9815706495738468,1.904230406761378,1.7772184058160212,6143955219.225395,1.6400416477358313,0.07067016625625289,0.0,2.3022559197526236,1.879369579115632,-0.004204369237016573,-0.01057239748134069,0.0003145329198436189,-0.09180574914845059
1975-12-01T00-00-00.csv,/Users/ran/cs/6850/project/data/2026-05-08/slice/GOES-s02/non_event,1975-12-01 00:00:00,0.934,EVENT_DETECTED,2.1122547969117775,2.0016961899631824,1.8676601687099044,6436460123.893678,1.7298289356897523,0.10416483652033888,0.0,2.022494815354423,1.5495375450805011,0.009667455598063137,0.012058360867364564,-6.059020738626707e-05,-0.07953481936858418
1976-02-01T00-00-00.csv,/Users/ran/cs/6850/project/data/2026-05-08/slice/GOES-s02/non_event,1976-02-01 00:00:00,0.954,EVENT_DETECTED,1.8642110429799608,1.5438612752862553,1.4305264096071213,5606432969.967329,1.3194904833192265,0.07755054282130937,0.0,2.425883178977564,2.0265440430769144,0.010601100382510987,0.015131487631778042,0.00033534875812023013,-0.04709082032717099
1976-03-01T00-00-00.csv,/Users/ran/cs/6850/project/data/2026-05-08/slice/GOES-s02/non_event,1976-03-01 00:00:00,0.938,EVENT_DETECTED,1.9395506757497478,1.9567976338036137,1.8384028562754662,5632153483.5106325,1.7222294018816229,0.09500187971773077,0.0,2.280807477124331,1.8435139618103118,0.007615735977746207,0.012017112678344877,-2.2531656540362022e-05,-0.07030968927124243
1976-04-01T00-00-00.csv,/Users/ran/cs/6850/project/data/2026-05-08/slice/GOES-s02/non_event,1976-04-01 00:00:00,0.956,EVENT_DETECTED,1.8347547230327115,1.5981745718266327,1.4594493860856543,5879977355.864175,1.3187666747342475,0.0815385692690773,0.0,2.4967187930884394,2.122509077965713,0.005800523422814114,0.00983184561472495,5.8147410108410885e-05,-0.061212700286385494
1976-06-01T00-00-00.csv,/Users/ran/cs/6850/project/data/2026-05-08/slice/GOES-s02/non_event,1976-06-01 00:00:00,0.94,EVENT_DETECTED,1.713581665020843,1.5982523868596692,1.4473152926198267,5339800226.361645,1.2805584251391613,0.061949131960666474,0.0,2.6950837121148017,2.3241734569636177,0.002771744334480227,-0.004505832273157999,0.00011694321636682742,-0.07125924239347636
1976-07-01T00-00-00.csv,/Users/ran/cs/6850/project/data/2026-05-08/slice/GOES-s02/non_event,1976-07-01 00:00:00,0.908,EVENT_DETECTED,1.4772423983553844,1.2987181977004907,1.1774220040681753,4882945405.349402,1.0614369393806617,0.04600288503485743,0.0,2.968585515793973,2.631724753332871,-0.0015596207392472923,-0.0037150096162169915,-0.00016857131276035061,-0.053590989782875124
1976-08-01T00-00-00.csv,/Users/ran/cs/6850/project/data/2026-05-08/slice/GOES-s02/non_event,1976-08-01 00:00:00,0.932,EVENT_DETECTED,1.3129838513199645,1.0683939102745437,0.9540716445179821,4552827519.742495,0.8265963660689449,0.032454969309163466,0.0,3.1500915662028497,2.8326404849319253,-0.003959469941162211,-0.012093486662730085,0.00025204551751268435,-0.057135554335143245
1976-09-01T00-00-00.csv,/Users/ran/cs/6850/project/data/2026-05-08/slice/GOES-s02/non_event,1976-09-01 00:00:00,0.902,EVENT_DETECTED,1.703659528009945,1.5819819593008242,1.426125807782635,5302166078.749936,1.2597207712607017,0.06942499662009967,0.0,2.7182730509172415,2.350442529801802,0.0009465094858006506,-0.002555620948352462,-0.00021830550334422436,-0.07471248823738064
1976-10-01T00-00-00.csv,/Users/ran/cs/6850/project/data/2026-05-08/slice/GOES-s02/non_event,1976-10-01 00:00:00,0.938,EVENT_DETECTED,1.090691311850887,0.7158923343246973,0.6541664949453271,4281339682.558699,0.5926841773603747,0.03677905140852511,0.0,3.6514837044764445,3.3776224379485242,0.007371716358609566,0.009463615567105881,0.0003278020741513001,-0.017937853143105222
1976-11-01T00-00-00.csv,/Users/ran/cs/6850/project/data/2026-05-08/slice/GOES-s02/non_event,1976-11-01 00:00:00,0.934,EVENT_DETECTED,1.8951487144385124,1.8437345395320535,1.7098271484643952,5824681985.419957,1.5814337971754948,0.06911263280107617,0.0,2.352159273596768,1.9476024663864244,0.0009014752292291695,-0.0015540905973372397,0.00026814839430208486,-0.0716720985198256
1976-12-01T00-00-00.csv,/Users/ran/cs/6850/project/data/2026-05-08/slice/GOES-s02/non_event,1976-12-01 00:00:00,0.924,EVENT_DETECTED,1.0262922326598514,0.6818768115508548,0.6059028787276289,4178693106.8248286,0.5299289459044033,0.04100952188983783,0.0,3.7767359288649742,3.5421252118737523,0.003661428111737115,0.01207932837070544,0.0003174605870286236,-0.016335533106122308
1977-01-01T00-00-00.csv,/Users/ran/cs/6850/project/data/2026-05-08/slice/GOES-s02/non_event,1977-01-01 00:00:00,0.956,EVENT_DETECTED,1.2338343337624025,1.0150782572962969,0.8962029060213771,4407469127.898553,0.7791668021003746,0.05494260694552772,0.0,3.265986315065766,2.9598001058630103,0.0007767673146825146,0.01273060404835399,0.00024149027206901998,-0.028811367056801117
1977-02-01T00-00-00.csv,/Users/ran/cs/6850/project/data/2026-05-08/slice/GOES-s02/non_event,1977-02-01 00:00:00,0.912,EVENT_DETECTED,2.8083326798052015,2.6227500662929017,2.469797893060441,8508861320.65354,2.297898591818979,0.10485793293229251,0.0,2.092804388683707,1.7103893723625605,-0.010042596366094518,-0.0031005258421087627,-0.0003367053781788787,-0.11164842693012055
1977-03-01T00-00-00.csv,/Users/ran/cs/6850/project/data/2026-05-08/slice/GOES-s02/non_event,1977-03-01 00:00:00,0.142,LOW_CONFIDENCE,0.4179841877590286,0.307109092337845,0.26323636486101,2566256260.0558567,0.219363637384175,0.01165555074497289,0.0,5.972157537059459,5.8047139507338565,-0.0002198177262180698,-1.0372573361510805e-18,-9.52228667924251e-05,-0.011655550744972895
1977-10-01T00-00-00.csv,/Users/ran/cs/6850/project/data/2026-05-08/slice/GOES-s02/non_event,1977-10-01 00:00:00,0.77,EVENT_DETECTED,1.7218085619896877,1.5883135858164237,1.4695009360382114,5206259726.04166,1.353539674678103,0.07401506565109561,0.0,2.6457513069990983,2.2677868380553643,-0.005637846604003285,0.0061345820179286616,-0.0005855866536958958,-0.06161254113658767
1977-11-01T00-00-00.csv,/Users/ran/cs/6850/project/data/2026-05-08/slice/GOES-s02/non_event,1977-11-01 00:00:00,0.914,EVENT_DETECTED,1.2072023781371368,1.1744574821677232,1.0628225299408478,4367822546.515224,0.9511875777139724,0.049340652757837396,0.0,3.316624781243422,3.015113445777638,-0.0006143987081599088,1.2422075800001751e-17,-0.00022351477367618436,-0.04934065275783739
1977-12-01T00-00-00.csv,/Users/ran/cs/6850/project/data/2026-05-08/slice/GOES-s02/non_event,1977-12-01 00:00:00,0.956,EVENT_DETECTED,1.1175238713884026,1.0039754818258186,0.8851432497834301,4193817601.8175244,0.7680804775349083,0.04399109372535865,0.0,3.464101604399729,3.1754264805429404,0.000543523957814853,0.003623198084606081,-4.542721718608251e-05,-0.03660797310012363
1978-01-10T19-20-00.csv,/Users/ran/cs/6850/project/data/2026-05-08/slice/GOES-s02/non_event,1978-01-10 19:20:00,0.97,EVENT_DETECTED,2.153066007965046,2.0424196666279184,1.9196791209006452,5808224481.096161,1.7961262715911104,0.08425091212483676,2.6216197792327827,1.7315186696979545,1.2594905012569306,0.0021513225727612818,-0.006920851216872717,0.00018328945135977356,-0.10157539666480062
1978-03-01T00-00-00.csv,/Users/ran/cs/6850/project/data/2026-05-08/slice/GOES-s02/non_event,1978-03-01 00:00:00,0.936,EVENT_DETECTED,1.5066792598547345,1.313103015331162,1.1769641987707806,4880897400.250494,1.042974926063787,0.04895596647180961,0.0,2.8939592201389748,2.548411855465012,-0.0001214855124290108,-0.0055641217194423,-2.981739692115723e-05,-0.06079010594972795
